{"minzoom":8,"maxzoom":9,"bounds":[-89.76636410993605,39.52058120409785,-86.89506357882254,40.704515803077186]}